학번,학생명,비밀번호,신청 학점,잔여 신청 학점
20110001,손재하,12345,0,18
20110002,김채린,12345,0,18
20110003,이정하,12345,0,18
20110004,권민화,12345,0,18
20110005,장한빛,12345,0,18
20110006,유이하,12345,0,18
20110007,은동운,12345,0,18
20110008,배유수,12345,0,18
20110009,양양완,12345,0,18
20110010,민진선,12345,0,18
20110011,강유하,12345,0,18
20110012,문우린,12345,0,18
20110013,엄기욱,12345,0,18
20110014,전의인,12345,0,18
20110015,편채늘,12345,0,18
20110016,남다하,12345,0,18
20110017,문시솔,12345,0,18
20110018,차채련,12345,0,18
20110019,추휘신,12345,0,18
20110020,오송한,12345,0,18
20110021,손은소,12345,0,18
20110022,박아성,12345,0,18
20110023,홍유솔,12345,0,18
20110024,최태향,12345,0,18
20110025,노주이,12345,0,18
20110026,주아호,12345,0,18
20110027,여상연,12345,0,18
20110028,석송령,12345,0,18
20110029,구아송,12345,0,18
20110030,황유령,12345,0,18
20110031,문양빈,12345,0,18
20110032,민아안,12345,0,18
20110033,박현름,12345,0,18
20110034,주초기,12345,0,18
20110035,유교완,12345,0,18
20110036,은비세,12345,0,18
20110037,고연빈,12345,0,18
20110038,방김이,12345,0,18
20110039,원송안,12345,0,18
20110040,주해지,12345,0,18
20110041,강서늘,12345,0,18
20110042,도의윤,12345,0,18
20110043,오률원,12345,0,18
20110044,추송경,12345,0,18
20110045,권비효,12345,0,18
20110046,탁소란,12345,0,18
20110047,유근호,12345,0,18
20110048,류유휘,12345,0,18
20110049,추희빈,12345,0,18
20110050,박고호,12345,0,18
20110051,염현교,12345,0,18
20110052,탁여서,12345,0,18
20110053,탁현경,12345,0,18
20110054,엄가윤,12345,0,18
20110055,송다기,12345,0,18
20110056,편미운,12345,0,18
20110057,지도솔,12345,0,18
20110058,여규솔,12345,0,18
20110059,지혜림,12345,0,18
20110060,임효수,12345,0,18
20110061,주조우,12345,0,18
20110062,안수진,12345,0,18
20110063,신채늘,12345,0,18
20110064,편재송,12345,0,18
20110065,백시세,12345,0,18
20110066,조병성,12345,0,18
20110067,남비언,12345,0,18
20110068,박원신,12345,0,18
20110069,노미희,12345,0,18
20110070,곽병수,12345,0,18
20110071,박하혜,12345,0,18
20110072,주규인,12345,0,18
20110073,강유솔,12345,0,18
20110074,정병완,12345,0,18
20110075,허고서,12345,0,18
20110076,조효솔,12345,0,18
20110077,윤여인,12345,0,18
20110078,남조빈,12345,0,18
20110079,서보연,12345,0,18
20110080,주우윤,12345,0,18
20110081,염세비,12345,0,18
20110082,홍병송,12345,0,18
20110083,이김소,12345,0,18
20110084,장나윤,12345,0,18
20110085,도김정,12345,0,18
20110086,석유하,12345,0,18
20110087,탁지율,12345,0,18
20110088,도하지,12345,0,18
20110089,염양혜,12345,0,18
20110090,전상한,12345,0,18
20110091,양순아,12345,0,18
20110092,도하준,12345,0,18
20110093,유여나,12345,0,18
20110094,황혜원,12345,0,18
20110095,노정현,12345,0,18
20110096,지재세,12345,0,18
20110097,엄미현,12345,0,18
20110098,박이수,12345,0,18
20110099,박현재,12345,0,18
20110100,구아우,12345,0,18
21110001,박세한,12345,0,18
21110002,권휘지,12345,0,18
21110003,오우욱,12345,0,18
21110004,전가정,12345,0,18
21110005,서보미,12345,0,18
21110006,곽양안,12345,0,18
21110007,전예욱,12345,0,18
21110008,권기온,12345,0,18
21110009,정순향,12345,0,18
21110010,석률리,12345,0,18
21110011,오솔교,12345,0,18
21110012,황비선,12345,0,18
21110013,허정옥,12345,0,18
21110014,공은정,12345,0,18
21110015,지원주,12345,0,18
21110016,민근하,12345,0,18
21110017,표상희,12345,0,18
21110018,유미인,12345,0,18
21110019,전슬우,12345,0,18
21110020,오아향,12345,0,18
21110021,서슬임,12345,0,18
21110022,진재수,12345,0,18
21110023,진여인,12345,0,18
21110024,박지인,12345,0,18
21110025,신동림,12345,0,18
21110026,이은율,12345,0,18
21110027,홍순수,12345,0,18
21110028,지한욱,12345,0,18
21110029,강의채,12345,0,18
21110030,허서경,12345,0,18
21110031,정세우,12345,0,18
21110032,유민서,12345,0,18
21110033,한비당,12345,0,18
21110034,배이호,12345,0,18
21110035,차양재,12345,0,18
21110036,홍명예,12345,0,18
21110037,최가인,12345,0,18
21110038,주동정,12345,0,18
21110039,엄경당,12345,0,18
21110040,전예림,12345,0,18
21110041,신시예,12345,0,18
21110042,탁아성,12345,0,18
21110043,정민교,12345,0,18
21110044,지성향,12345,0,18
21110045,송승휘,12345,0,18
21110046,전고지,12345,0,18
21110047,편소화,12345,0,18
21110048,권희소,12345,0,18
21110049,양여인,12345,0,18
21110050,석하아,12345,0,18
21110051,탁시리,12345,0,18
21110052,탁민소,12345,0,18
21110053,최김화,12345,0,18
21110054,이시민,12345,0,18
21110055,하여린,12345,0,18
21110056,문보예,12345,0,18
21110057,김가원,12345,0,18
21110058,염근휘,12345,0,18
21110059,최지인,12345,0,18
21110060,주양소,12345,0,18
21110061,홍다안,12345,0,18
21110062,주의란,12345,0,18
21110063,주보연,12345,0,18
21110064,엄태옥,12345,0,18
21110065,지정하,12345,0,18
21110066,신채령,12345,0,18
21110067,강보지,12345,0,18
21110068,임조한,12345,0,18
21110069,손재윤,12345,0,18
21110070,공경세,12345,0,18
21110071,노희영,12345,0,18
21110072,구우정,12345,0,18
21110073,장재언,12345,0,18
21110074,이휘름,12345,0,18
21110075,변나당,12345,0,18
21110076,염효하,12345,0,18
21110077,양민완,12345,0,18
21110078,손솔율,12345,0,18
21110079,주송호,12345,0,18
21110080,주미성,12345,0,18
21110081,류성리,12345,0,18
21110082,류동한,12345,0,18
21110083,오은욱,12345,0,18
21110084,지소현,12345,0,18
21110085,염연경,12345,0,18
21110086,홍나은,12345,0,18
21110087,윤주교,12345,0,18
21110088,하휘준,12345,0,18
21110089,허영란,12345,0,18
21110090,우연완,12345,0,18
21110091,하비소,12345,0,18
21110092,나채안,12345,0,18
21110093,황은윤,12345,0,18
21110094,석규옥,12345,0,18
21110095,김순승,12345,0,18
21110096,허초기,12345,0,18
21110097,류다주,12345,0,18
21110098,이승선,12345,0,18
21110099,정다린,12345,0,18
21110100,탁진온,12345,0,18
22110001,강도송,12345,0,18
22110002,노세예,12345,0,18
22110003,안준윤,12345,0,18
22110004,고송언,12345,0,18
22110005,나조당,12345,0,18
22110006,민예하,12345,0,18
22110007,표슬신,12345,0,18
22110008,차우란,12345,0,18
22110009,남윤윤,12345,0,18
22110010,여슬린,12345,0,18
22110011,안순이,12345,0,18
22110012,조서윤,12345,0,18
22110013,표윤솔,12345,0,18
22110014,남여소,12345,0,18
22110015,나혜인,12345,0,18
22110016,노상옥,12345,0,18
22110017,변상향,12345,0,18
22110018,이의하,12345,0,18
22110019,양서한,12345,0,18
22110020,곽혜현,12345,0,18
22110021,류고수,12345,0,18
22110022,유순휘,12345,0,18
22110023,지아경,12345,0,18
22110024,류영나,12345,0,18
22110025,허비완,12345,0,18
22110026,장희주,12345,0,18
22110027,구재승,12345,0,18
22110028,배혜빈,12345,0,18
22110029,주규온,12345,0,18
22110030,허혜기,12345,0,18
22110031,노정향,12345,0,18
22110032,양진세,12345,0,18
22110033,최희한,12345,0,18
22110034,박희세,12345,0,18
22110035,엄김린,12345,0,18
22110036,공기아,12345,0,18
22110037,우주승,12345,0,18
22110038,강재소,12345,0,18
22110039,곽하주,12345,0,18
22110040,문근옥,12345,0,18
22110041,여휘옥,12345,0,18
22110042,변비원,12345,0,18
22110043,나원련,12345,0,18
22110044,지교비,12345,0,18
22110045,표혜세,12345,0,18
22110046,변이지,12345,0,18
22110047,배다욱,12345,0,18
22110048,윤진윤,12345,0,18
22110049,석주혜,12345,0,18
22110050,문연당,12345,0,18
22110051,석민선,12345,0,18
22110052,서재운,12345,0,18
22110053,백연임,12345,0,18
22110054,표이은,12345,0,18
22110055,나세아,12345,0,18
22110056,표영임,12345,0,18
22110057,한다솔,12345,0,18
22110058,문수효,12345,0,18
22110059,임다율,12345,0,18
22110060,배슬비,12345,0,18
22110061,방희민,12345,0,18
22110062,노재성,12345,0,18
22110063,남가비,12345,0,18
22110064,서비율,12345,0,18
22110065,차한완,12345,0,18
22110066,방승율,12345,0,18
22110067,은윤희,12345,0,18
22110068,최률준,12345,0,18
22110069,백보기,12345,0,18
22110070,진교솔,12345,0,18
22110071,황지혜,12345,0,18
22110072,민미정,12345,0,18
22110073,최조승,12345,0,18
22110074,안가서,12345,0,18
22110075,전양민,12345,0,18
22110076,오성욱,12345,0,18
22110077,박고희,12345,0,18
22110078,허우송,12345,0,18
22110079,추예승,12345,0,18
22110080,유소율,12345,0,18
22110081,조주욱,12345,0,18
22110082,이나효,12345,0,18
22110083,차세기,12345,0,18
22110084,이조련,12345,0,18
22110085,변은연,12345,0,18
22110086,류동안,12345,0,18
22110087,석이이,12345,0,18
22110088,홍비화,12345,0,18
22110089,나유호,12345,0,18
22110090,공소름,12345,0,18
22110091,장희율,12345,0,18
22110092,정나영,12345,0,18
22110093,전현름,12345,0,18
22110094,탁한옥,12345,0,18
22110095,변유린,12345,0,18
22110096,황세준,12345,0,18
22110097,백태름,12345,0,18
22110098,정동언,12345,0,18
22110099,엄나채,12345,0,18
22110100,고명정,12345,0,18
23110001,엄우진,12345,0,18
23110002,편근성,12345,0,18
23110003,백규수,12345,0,18
23110004,백수당,12345,0,18
23110005,안다세,12345,0,18
23110006,진연율,12345,0,18
23110007,탁주영,12345,0,18
23110008,차경화,12345,0,18
23110009,우해하,12345,0,18
23110010,이률한,12345,0,18
23110011,송하늘,12345,0,18
23110012,권효완,12345,0,18
23110013,석다당,12345,0,18
23110014,홍하채,12345,0,18
23110015,유유원,12345,0,18
23110016,우조수,12345,0,18
23110017,탁우원,12345,0,18
23110018,황김아,12345,0,18
23110019,곽해언,12345,0,18
23110020,민기완,12345,0,18
23110021,편혜름,12345,0,18
23110022,은도우,12345,0,18
23110023,원하휘,12345,0,18
23110024,윤은승,12345,0,18
23110025,변이수,12345,0,18
23110026,진주미,12345,0,18
23110027,오솔란,12345,0,18
23110028,은윤언,12345,0,18
23110029,이은림,12345,0,18
23110030,전명령,12345,0,18
23110031,권예송,12345,0,18
23110032,백의래,12345,0,18
23110033,노병란,12345,0,18
23110034,백상성,12345,0,18
23110035,차미예,12345,0,18
23110036,정송운,12345,0,18
23110037,김슬송,12345,0,18
23110038,공은민,12345,0,18
23110039,지동이,12345,0,18
23110040,노한윤,12345,0,18
23110041,도률래,12345,0,18
23110042,손진연,12345,0,18
23110043,신재옥,12345,0,18
23110044,오슬름,12345,0,18
23110045,한효유,12345,0,18
23110046,변혜완,12345,0,18
23110047,유선준,12345,0,18
23110048,하미주,12345,0,18
23110049,정조윤,12345,0,18
23110050,손지비,12345,0,18
23110051,허여소,12345,0,18
23110052,문초하,12345,0,18
23110053,우병윤,12345,0,18
23110054,허하교,12345,0,18
23110055,은경빈,12345,0,18
23110056,유진영,12345,0,18
23110057,도영소,12345,0,18
23110058,유원욱,12345,0,18
23110059,표률수,12345,0,18
23110060,고초아,12345,0,18
23110061,신근림,12345,0,18
23110062,염다채,12345,0,18
23110063,변민운,12345,0,18
23110064,표성림,12345,0,18
23110065,엄초소,12345,0,18
23110066,우다림,12345,0,18
23110067,허태령,12345,0,18
23110068,김태름,12345,0,18
23110069,지비빈,12345,0,18
23110070,문수원,12345,0,18
23110071,은비비,12345,0,18
23110072,차민재,12345,0,18
23110073,박양송,12345,0,18
23110074,황효령,12345,0,18
23110075,차채효,12345,0,18
23110076,윤보아,12345,0,18
23110077,염상당,12345,0,18
23110078,류슬현,12345,0,18
23110079,황의당,12345,0,18
23110080,오솔아,12345,0,18
23110081,원솔재,12345,0,18
23110082,진승령,12345,0,18
23110083,주희온,12345,0,18
23110084,조현윤,12345,0,18
23110085,여시효,12345,0,18
23110086,문한운,12345,0,18
23110087,석서완,12345,0,18
23110088,배세진,12345,0,18
23110089,석아원,12345,0,18
23110090,진진기,12345,0,18
23110091,편우리,12345,0,18
23110092,도효나,12345,0,18
23110093,지아유,12345,0,18
23110094,탁소현,12345,0,18
23110095,서원하,12345,0,18
23110096,장도련,12345,0,18
23110097,백세임,12345,0,18
23110098,유세완,12345,0,18
23110099,임효준,12345,0,18
23110100,편태승,12345,0,18
24110001,임연래,12345,0,18
24110002,여영란,12345,0,18
24110003,김민윤,12345,0,18
24110004,지김인,12345,0,18
24110005,추순호,12345,0,18
24110006,방수우,12345,0,18
24110007,주기늘,12345,0,18
24110008,여의희,12345,0,18
24110009,이경우,12345,0,18
24110010,강초아,12345,0,18
24110011,편은휘,12345,0,18
24110012,나은란,12345,0,18
24110013,백태완,12345,0,18
24110014,나진향,12345,0,18
24110015,나선채,12345,0,18
24110016,신재솔,12345,0,18
24110017,문의림,12345,0,18
24110018,공영안,12345,0,18
24110019,추승수,12345,0,18
24110020,은휘언,12345,0,18
24110021,한보안,12345,0,18
24110022,추여옥,12345,0,18
24110023,손유승,12345,0,18
24110024,주채령,12345,0,18
24110025,박아진,12345,0,18
24110026,엄병재,12345,0,18
24110027,방슬임,12345,0,18
24110028,손아재,12345,0,18
24110029,노소나,12345,0,18
24110030,엄주화,12345,0,18
24110031,안이운,12345,0,18
24110032,서영송,12345,0,18
24110033,권주아,12345,0,18
24110034,장선성,12345,0,18
24110035,우초나,12345,0,18
24110036,표경련,12345,0,18
24110037,여예임,12345,0,18
24110038,탁유승,12345,0,18
24110039,송상소,12345,0,18
24110040,민수린,12345,0,18
24110041,오희소,12345,0,18
24110042,손지율,12345,0,18
24110043,홍영리,12345,0,18
24110044,은성화,12345,0,18
24110045,장교지,12345,0,18
24110046,김교솔,12345,0,18
24110047,탁아선,12345,0,18
24110048,홍경영,12345,0,18
24110049,손송한,12345,0,18
24110050,조준서,12345,0,18
24110051,편재희,12345,0,18
24110052,류성완,12345,0,18
24110053,하병진,12345,0,18
24110054,서여현,12345,0,18
24110055,양송이,12345,0,18
24110056,나성당,12345,0,18
24110057,조유현,12345,0,18
24110058,홍슬경,12345,0,18
24110059,차서빈,12345,0,18
24110060,염한령,12345,0,18
24110061,남현송,12345,0,18
24110062,권효빈,12345,0,18
24110063,진시소,12345,0,18
24110064,하이늘,12345,0,18
24110065,백현완,12345,0,18
24110066,홍상나,12345,0,18
24110067,여기호,12345,0,18
24110068,이병휘,12345,0,18
24110069,석태송,12345,0,18
24110070,조병림,12345,0,18
24110071,조솔린,12345,0,18
24110072,허수욱,12345,0,18
24110073,편태준,12345,0,18
24110074,강윤소,12345,0,18
24110075,장교진,12345,0,18
24110076,엄나신,12345,0,18
24110077,정슬아,12345,0,18
24110078,우원윤,12345,0,18
24110079,정효세,12345,0,18
24110080,홍미경,12345,0,18
24110081,박채인,12345,0,18
24110082,하교미,12345,0,18
24110083,홍여경,12345,0,18
24110084,구수름,12345,0,18
24110085,송채준,12345,0,18
24110086,진보안,12345,0,18
24110087,문선예,12345,0,18
24110088,원의소,12345,0,18
24110089,홍이승,12345,0,18
24110090,염유온,12345,0,18
24110091,장슬미,12345,0,18
24110092,공재희,12345,0,18
24110093,염보안,12345,0,18
24110094,허규리,12345,0,18
24110095,민재현,12345,0,18
24110096,차나세,12345,0,18
24110097,권이희,12345,0,18
24110098,임송온,12345,0,18
24110099,엄도이,12345,0,18
24110100,조예민,12345,0,18
20120001,오성언,12345,0,18
20120002,조진혜,12345,0,18
20120003,공상지,12345,0,18
20120004,윤은령,12345,0,18
20120005,구휘림,12345,0,18
20120006,노정경,12345,0,18
20120007,김근운,12345,0,18
20120008,편준하,12345,0,18
20120009,곽가유,12345,0,18
20120010,서승련,12345,0,18
20120011,양나늘,12345,0,18
20120012,하아민,12345,0,18
20120013,류김운,12345,0,18
20120014,방서예,12345,0,18
20120015,은가민,12345,0,18
20120016,강준비,12345,0,18
20120017,주김승,12345,0,18
20120018,박이빈,12345,0,18
20120019,권유안,12345,0,18
20120020,원이준,12345,0,18
20120021,장비나,12345,0,18
20120022,도소승,12345,0,18
20120023,은규온,12345,0,18
20120024,전현나,12345,0,18
20120025,황채은,12345,0,18
20120026,백주림,12345,0,18
20120027,허성유,12345,0,18
20120028,곽비리,12345,0,18
20120029,탁순성,12345,0,18
20120030,권기유,12345,0,18
20120031,문희빈,12345,0,18
20120032,진선이,12345,0,18
20120033,도유래,12345,0,18
20120034,하휘효,12345,0,18
20120035,구양언,12345,0,18
20120036,정휘운,12345,0,18
20120037,유규련,12345,0,18
20120038,표진희,12345,0,18
20120039,고근임,12345,0,18
20120040,편조림,12345,0,18
20120041,허의원,12345,0,18
20120042,진한란,12345,0,18
20120043,은효빈,12345,0,18
20120044,권승완,12345,0,18
20120045,추초림,12345,0,18
20120046,방미름,12345,0,18
20120047,윤성옥,12345,0,18
20120048,편고운,12345,0,18
20120049,고도미,12345,0,18
20120050,구나향,12345,0,18
20120051,고슬빈,12345,0,18
20120052,권수효,12345,0,18
20120053,곽김경,12345,0,18
20120054,손초리,12345,0,18
20120055,유수재,12345,0,18
20120056,이한언,12345,0,18
20120057,정효리,12345,0,18
20120058,양양욱,12345,0,18
20120059,오현온,12345,0,18
20120060,류나기,12345,0,18
20120061,백주련,12345,0,18
20120062,유도혜,12345,0,18
20120063,배연늘,12345,0,18
20120064,석윤현,12345,0,18
20120065,임가성,12345,0,18
20120066,하성연,12345,0,18
20120067,안원송,12345,0,18
20120068,이서인,12345,0,18
20120069,여태임,12345,0,18
20120070,오근율,12345,0,18
20120071,최상화,12345,0,18
20120072,문미휘,12345,0,18
20120073,표병련,12345,0,18
20120074,권기송,12345,0,18
20120075,염해화,12345,0,18
20120076,한이온,12345,0,18
20120077,변재율,12345,0,18
20120078,양솔교,12345,0,18
20120079,편병현,12345,0,18
20120080,도기민,12345,0,18
20120081,편우정,12345,0,18
20120082,엄태리,12345,0,18
20120083,전다온,12345,0,18
20120084,신세빈,12345,0,18
20120085,홍선한,12345,0,18
20120086,안원름,12345,0,18
20120087,문아우,12345,0,18
20120088,우승원,12345,0,18
20120089,권보소,12345,0,18
20120090,노재영,12345,0,18
20120091,신근세,12345,0,18
20120092,우성수,12345,0,18
20120093,오동진,12345,0,18
20120094,진시선,12345,0,18
20120095,장승우,12345,0,18
20120096,노재화,12345,0,18
20120097,구채나,12345,0,18
20120098,류하우,12345,0,18
20120099,장양원,12345,0,18
20120100,정가란,12345,0,18
21120001,신정화,12345,0,18
21120002,전유호,12345,0,18
21120003,장의선,12345,0,18
21120004,임서예,12345,0,18
21120005,나한린,12345,0,18
21120006,윤송비,12345,0,18
21120007,장의지,12345,0,18
21120008,홍비향,12345,0,18
21120009,임소세,12345,0,18
21120010,염률은,12345,0,18
21120011,주상운,12345,0,18
21120012,안원운,12345,0,18
21120013,백영비,12345,0,18
21120014,류희휘,12345,0,18
21120015,방민린,12345,0,18
21120016,허선재,12345,0,18
21120017,나해우,12345,0,18
21120018,송규유,12345,0,18
21120019,정다윤,12345,0,18
21120020,오혜이,12345,0,18
21120021,조초린,12345,0,18
21120022,석나리,12345,0,18
21120023,나송화,12345,0,18
21120024,민해란,12345,0,18
21120025,홍규현,12345,0,18
21120026,전초운,12345,0,18
21120027,서송임,12345,0,18
21120028,안원휘,12345,0,18
21120029,탁규율,12345,0,18
21120030,변현린,12345,0,18
21120031,허세송,12345,0,18
21120032,문연신,12345,0,18
21120033,진교래,12345,0,18
21120034,지주온,12345,0,18
21120035,홍준세,12345,0,18
21120036,배우주,12345,0,18
21120037,류송예,12345,0,18
21120038,정고은,12345,0,18
21120039,조나주,12345,0,18
21120040,양성이,12345,0,18
21120041,원선효,12345,0,18
21120042,구정지,12345,0,18
21120043,류지연,12345,0,18
21120044,류고혜,12345,0,18
21120045,전슬예,12345,0,18
21120046,류원리,12345,0,18
21120047,백선선,12345,0,18
21120048,전해희,12345,0,18
21120049,한비당,12345,0,18
21120050,송연지,12345,0,18
21120051,곽연완,12345,0,18
21120052,전고운,12345,0,18
21120053,류미당,12345,0,18
21120054,안성예,12345,0,18
21120055,안조운,12345,0,18
21120056,표세미,12345,0,18
21120057,신윤우,12345,0,18
21120058,최하령,12345,0,18
21120059,류시기,12345,0,18
21120060,최여교,12345,0,18
21120061,하하늘,12345,0,18
21120062,황진소,12345,0,18
21120063,도주호,12345,0,18
21120064,지휘하,12345,0,18
21120065,최초인,12345,0,18
21120066,신보유,12345,0,18
21120067,서순율,12345,0,18
21120068,방김민,12345,0,18
21120069,공우송,12345,0,18
21120070,지이진,12345,0,18
21120071,장다운,12345,0,18
21120072,유명신,12345,0,18
21120073,김재련,12345,0,18
21120074,표선서,12345,0,18
21120075,방태욱,12345,0,18
21120076,구의란,12345,0,18
21120077,추가유,12345,0,18
21120078,공재선,12345,0,18
21120079,우슬율,12345,0,18
21120080,차민향,12345,0,18
21120081,서윤호,12345,0,18
21120082,편정혜,12345,0,18
21120083,백여성,12345,0,18
21120084,석규채,12345,0,18
21120085,강다당,12345,0,18
21120086,이나율,12345,0,18
21120087,원아율,12345,0,18
21120088,조기옥,12345,0,18
21120089,백선란,12345,0,18
21120090,홍은수,12345,0,18
21120091,서보솔,12345,0,18
21120092,하소채,12345,0,18
21120093,민병원,12345,0,18
21120094,황원한,12345,0,18
21120095,조양승,12345,0,18
21120096,신순욱,12345,0,18
21120097,배태래,12345,0,18
21120098,정지운,12345,0,18
21120099,여진진,12345,0,18
21120100,배다준,12345,0,18
22120001,구규정,12345,0,18
22120002,신근현,12345,0,18
22120003,안영재,12345,0,18
22120004,차다수,12345,0,18
22120005,주수승,12345,0,18
22120006,홍기기,12345,0,18
22120007,황률솔,12345,0,18
22120008,문민신,12345,0,18
22120009,남미이,12345,0,18
22120010,조가세,12345,0,18
22120011,석혜율,12345,0,18
22120012,김승비,12345,0,18
22120013,차근솔,12345,0,18
22120014,황민율,12345,0,18
22120015,은진연,12345,0,18
22120016,양률언,12345,0,18
22120017,조해우,12345,0,18
22120018,우준신,12345,0,18
22120019,추동현,12345,0,18
22120020,황슬영,12345,0,18
22120021,도상이,12345,0,18
22120022,편주성,12345,0,18
22120023,염시주,12345,0,18
22120024,강예하,12345,0,18
22120025,강준은,12345,0,18
22120026,홍미송,12345,0,18
22120027,강하솔,12345,0,18
22120028,차성교,12345,0,18
22120029,지의란,12345,0,18
22120030,임우정,12345,0,18
22120031,강비미,12345,0,18
22120032,손규빈,12345,0,18
22120033,정주진,12345,0,18
22120034,석민민,12345,0,18
22120035,은솔아,12345,0,18
22120036,구재비,12345,0,18
22120037,엄송서,12345,0,18
22120038,추태온,12345,0,18
22120039,남다나,12345,0,18
22120040,조세령,12345,0,18
22120041,전예승,12345,0,18
22120042,유효나,12345,0,18
22120043,여여한,12345,0,18
22120044,탁이원,12345,0,18
22120045,표병옥,12345,0,18
22120046,변여지,12345,0,18
22120047,엄현령,12345,0,18
22120048,최솔비,12345,0,18
22120049,이근송,12345,0,18
22120050,정민호,12345,0,18
22120051,표채윤,12345,0,18
22120052,구현유,12345,0,18
22120053,곽기언,12345,0,18
22120054,진비임,12345,0,18
22120055,문윤기,12345,0,18
22120056,허여송,12345,0,18
22120057,원효인,12345,0,18
22120058,문서준,12345,0,18
22120059,류재우,12345,0,18
22120060,송성은,12345,0,18
22120061,여재영,12345,0,18
22120062,서다하,12345,0,18
22120063,문세완,12345,0,18
22120064,황도란,12345,0,18
22120065,하나채,12345,0,18
22120066,주가혜,12345,0,18
22120067,염병림,12345,0,18
22120068,진초나,12345,0,18
22120069,변초나,12345,0,18
22120070,전지련,12345,0,18
22120071,박세교,12345,0,18
22120072,곽양완,12345,0,18
22120073,나효기,12345,0,18
22120074,편은희,12345,0,18
22120075,도가민,12345,0,18
22120076,방수향,12345,0,18
22120077,윤원채,12345,0,18
22120078,문병아,12345,0,18
22120079,고세온,12345,0,18
22120080,차서임,12345,0,18
22120081,배세인,12345,0,18
22120082,유해성,12345,0,18
22120083,석주호,12345,0,18
22120084,조명예,12345,0,18
22120085,하윤령,12345,0,18
22120086,지동완,12345,0,18
22120087,임영한,12345,0,18
22120088,한이준,12345,0,18
22120089,변현아,12345,0,18
22120090,전연승,12345,0,18
22120091,최영비,12345,0,18
22120092,배혜당,12345,0,18
22120093,방하신,12345,0,18
22120094,고태인,12345,0,18
22120095,탁영비,12345,0,18
22120096,진승련,12345,0,18
22120097,허예옥,12345,0,18
22120098,류희송,12345,0,18
22120099,임재정,12345,0,18
22120100,백슬연,12345,0,18
23120001,양민성,12345,0,18
23120002,서지휘,12345,0,18
23120003,추선욱,12345,0,18
23120004,황선희,12345,0,18
23120005,송유하,12345,0,18
23120006,서효늘,12345,0,18
23120007,한미혜,12345,0,18
23120008,민휘신,12345,0,18
23120009,류상인,12345,0,18
23120010,석혜호,12345,0,18
23120011,윤현혜,12345,0,18
23120012,남성란,12345,0,18
23120013,최미빈,12345,0,18
23120014,추률정,12345,0,18
23120015,석승재,12345,0,18
23120016,나재채,12345,0,18
23120017,구소기,12345,0,18
23120018,전다효,12345,0,18
23120019,유연령,12345,0,18
23120020,원유련,12345,0,18
23120021,지성언,12345,0,18
23120022,허은완,12345,0,18
23120023,염서아,12345,0,18
23120024,표연성,12345,0,18
23120025,구성은,12345,0,18
23120026,박해하,12345,0,18
23120027,남송채,12345,0,18
23120028,장김래,12345,0,18
23120029,서비유,12345,0,18
23120030,유희온,12345,0,18
23120031,여순기,12345,0,18
23120032,배지임,12345,0,18
23120033,염태윤,12345,0,18
23120034,주유린,12345,0,18
23120035,송민연,12345,0,18
23120036,정김완,12345,0,18
23120037,박은연,12345,0,18
23120038,장성송,12345,0,18
23120039,황초호,12345,0,18
23120040,구은비,12345,0,18
23120041,도명송,12345,0,18
23120042,원한희,12345,0,18
23120043,탁기이,12345,0,18
23120044,편효휘,12345,0,18
23120045,하영희,12345,0,18
23120046,공교주,12345,0,18
23120047,서우서,12345,0,18
23120048,고주영,12345,0,18
23120049,변근송,12345,0,18
23120050,오희린,12345,0,18
23120051,오슬이,12345,0,18
23120052,공동솔,12345,0,18
23120053,이김교,12345,0,18
23120054,편여연,12345,0,18
23120055,표동효,12345,0,18
23120056,엄희향,12345,0,18
23120057,임병주,12345,0,18
23120058,이승예,12345,0,18
23120059,유기완,12345,0,18
23120060,조하은,12345,0,18
23120061,고순세,12345,0,18
23120062,추시나,12345,0,18
23120063,김가성,12345,0,18
23120064,차원호,12345,0,18
23120065,하유영,12345,0,18
23120066,장혜신,12345,0,18
23120067,방승윤,12345,0,18
23120068,유근향,12345,0,18
23120069,양소미,12345,0,18
23120070,원고경,12345,0,18
23120071,김수언,12345,0,18
23120072,한아임,12345,0,18
23120073,손나솔,12345,0,18
23120074,신경민,12345,0,18
23120075,박진름,12345,0,18
23120076,허의은,12345,0,18
23120077,탁주름,12345,0,18
23120078,황순련,12345,0,18
23120079,곽아서,12345,0,18
23120080,손경름,12345,0,18
23120081,석지령,12345,0,18
23120082,송다한,12345,0,18
23120083,송근승,12345,0,18
23120084,전현란,12345,0,18
23120085,나연원,12345,0,18
23120086,신병운,12345,0,18
23120087,배가수,12345,0,18
23120088,유고신,12345,0,18
23120089,류유은,12345,0,18
23120090,변해당,12345,0,18
23120091,윤이향,12345,0,18
23120092,권상한,12345,0,18
23120093,조양아,12345,0,18
23120094,도동혜,12345,0,18
23120095,원한향,12345,0,18
23120096,황교당,12345,0,18
23120097,박아희,12345,0,18
23120098,남명란,12345,0,18
23120099,원승정,12345,0,18
23120100,권보하,12345,0,18
24120001,방교주,12345,0,18
24120002,허조빈,12345,0,18
24120003,송은은,12345,0,18
24120004,윤윤향,12345,0,18
24120005,우솔호,12345,0,18
24120006,한은예,12345,0,18
24120007,염채하,12345,0,18
24120008,염소늘,12345,0,18
24120009,은윤비,12345,0,18
24120010,곽소임,12345,0,18
24120011,이은선,12345,0,18
24120012,장민효,12345,0,18
24120013,윤현현,12345,0,18
24120014,유나임,12345,0,18
24120015,은효현,12345,0,18
24120016,주선령,12345,0,18
24120017,장고솔,12345,0,18
24120018,고효안,12345,0,18
24120019,신희유,12345,0,18
24120020,우현욱,12345,0,18
24120021,윤조나,12345,0,18
24120022,양순당,12345,0,18
24120023,곽률영,12345,0,18
24120024,정태현,12345,0,18
24120025,권민은,12345,0,18
24120026,노서솔,12345,0,18
24120027,석하란,12345,0,18
24120028,변양신,12345,0,18
24120029,노휘교,12345,0,18
24120030,배경하,12345,0,18
24120031,박도한,12345,0,18
24120032,서다당,12345,0,18
24120033,백김욱,12345,0,18
24120034,백성주,12345,0,18
24120035,지은인,12345,0,18
24120036,방김민,12345,0,18
24120037,정한경,12345,0,18
24120038,곽주림,12345,0,18
24120039,엄은임,12345,0,18
24120040,도초지,12345,0,18
24120041,은유당,12345,0,18
24120042,정경승,12345,0,18
24120043,차효옥,12345,0,18
24120044,김예우,12345,0,18
24120045,고은휘,12345,0,18
24120046,서예림,12345,0,18
24120047,탁혜연,12345,0,18
24120048,전송교,12345,0,18
24120049,유경안,12345,0,18
24120050,조예나,12345,0,18
24120051,양동송,12345,0,18
24120052,백세율,12345,0,18
24120053,지김림,12345,0,18
24120054,최수소,12345,0,18
24120055,주송예,12345,0,18
24120056,조준안,12345,0,18
24120057,은지리,12345,0,18
24120058,전소혜,12345,0,18
24120059,도해호,12345,0,18
24120060,탁유진,12345,0,18
24120061,석순욱,12345,0,18
24120062,류진늘,12345,0,18
24120063,정진현,12345,0,18
24120064,신이정,12345,0,18
24120065,나초예,12345,0,18
24120066,도채당,12345,0,18
24120067,원예래,12345,0,18
24120068,표한영,12345,0,18
24120069,백재원,12345,0,18
24120070,정명임,12345,0,18
24120071,도의효,12345,0,18
24120072,차률솔,12345,0,18
24120073,허의혜,12345,0,18
24120074,윤의아,12345,0,18
24120075,장시교,12345,0,18
24120076,주지언,12345,0,18
24120077,탁재온,12345,0,18
24120078,류진기,12345,0,18
24120079,변태미,12345,0,18
24120080,장다인,12345,0,18
24120081,염휘한,12345,0,18
24120082,나다호,12345,0,18
24120083,표가안,12345,0,18
24120084,권비임,12345,0,18
24120085,엄수령,12345,0,18
24120086,강나욱,12345,0,18
24120087,주병한,12345,0,18
24120088,여여이,12345,0,18
24120089,표채이,12345,0,18
24120090,손우하,12345,0,18
24120091,홍순한,12345,0,18
24120092,곽명예,12345,0,18
24120093,한근한,12345,0,18
24120094,엄연비,12345,0,18
24120095,윤상주,12345,0,18
24120096,문경송,12345,0,18
24120097,손근휘,12345,0,18
24120098,석병란,12345,0,18
24120099,엄률이,12345,0,18
24120100,탁도나,12345,0,18
20130001,류동란,12345,0,18
20130002,전교옥,12345,0,18
20130003,문가리,12345,0,18
20130004,표순예,12345,0,18
20130005,민기재,12345,0,18
20130006,윤영린,12345,0,18
20130007,장선빈,12345,0,18
20130008,구보경,12345,0,18
20130009,염솔화,12345,0,18
20130010,강한안,12345,0,18
20130011,고해늘,12345,0,18
20130012,공서호,12345,0,18
20130013,원우비,12345,0,18
20130014,진재한,12345,0,18
20130015,오재나,12345,0,18
20130016,안여인,12345,0,18
20130017,김원완,12345,0,18
20130018,최김민,12345,0,18
20130019,추가경,12345,0,18
20130020,전나연,12345,0,18
20130021,변아유,12345,0,18
20130022,송현빈,12345,0,18
20130023,강수늘,12345,0,18
20130024,안명원,12345,0,18
20130025,석조당,12345,0,18
20130026,한예비,12345,0,18
20130027,하서옥,12345,0,18
20130028,윤윤연,12345,0,18
20130029,강여옥,12345,0,18
20130030,원도기,12345,0,18
20130031,송진희,12345,0,18
20130032,조희교,12345,0,18
20130033,염교은,12345,0,18
20130034,노서민,12345,0,18
20130035,고가준,12345,0,18
20130036,전원윤,12345,0,18
20130037,안조래,12345,0,18
20130038,원이진,12345,0,18
20130039,지승교,12345,0,18
20130040,조솔선,12345,0,18
20130041,전유윤,12345,0,18
20130042,차아원,12345,0,18
20130043,최초소,12345,0,18
20130044,백영혜,12345,0,18
20130045,방근은,12345,0,18
20130046,오도빈,12345,0,18
20130047,진률운,12345,0,18
20130048,김원린,12345,0,18
20130049,송은은,12345,0,18
20130050,편희래,12345,0,18
20130051,장시인,12345,0,18
20130052,전휘완,12345,0,18
20130053,손도호,12345,0,18
20130054,하효경,12345,0,18
20130055,백률희,12345,0,18
20130056,고소화,12345,0,18
20130057,편재승,12345,0,18
20130058,황성휘,12345,0,18
20130059,정고진,12345,0,18
20130060,노성재,12345,0,18
20130061,도률미,12345,0,18
20130062,안상승,12345,0,18
20130063,편성선,12345,0,18
20130064,오솔선,12345,0,18
20130065,임초옥,12345,0,18
20130066,원솔예,12345,0,18
20130067,전아운,12345,0,18
20130068,장조준,12345,0,18
20130069,양이늘,12345,0,18
20130070,엄원휘,12345,0,18
20130071,석현경,12345,0,18
20130072,정도언,12345,0,18
20130073,남희아,12345,0,18
20130074,장영수,12345,0,18
20130075,남휘유,12345,0,18
20130076,방경름,12345,0,18
20130077,허이소,12345,0,18
20130078,고정옥,12345,0,18
20130079,구영윤,12345,0,18
20130080,류서세,12345,0,18
20130081,변조우,12345,0,18
20130082,우고한,12345,0,18
20130083,편선연,12345,0,18
20130084,김근성,12345,0,18
20130085,유해래,12345,0,18
20130086,황혜선,12345,0,18
20130087,방상희,12345,0,18
20130088,고정하,12345,0,18
20130089,오기린,12345,0,18
20130090,민우진,12345,0,18
20130091,백병한,12345,0,18
20130092,안영서,12345,0,18
20130093,변정당,12345,0,18
20130094,민규주,12345,0,18
20130095,조김온,12345,0,18
20130096,하시화,12345,0,18
20130097,우준효,12345,0,18
20130098,권세주,12345,0,18
20130099,여도린,12345,0,18
20130100,배미유,12345,0,18
20130101,백시래,12345,0,18
20130102,나비인,12345,0,18
20130103,고지린,12345,0,18
20130104,우유영,12345,0,18
20130105,임원언,12345,0,18
20130106,우순욱,12345,0,18
20130107,최가완,12345,0,18
20130108,도명율,12345,0,18
20130109,남근수,12345,0,18
20130110,신도현,12345,0,18
20130111,나승경,12345,0,18
20130112,지김옥,12345,0,18
20130113,주나화,12345,0,18
20130114,나효옥,12345,0,18
20130115,황교서,12345,0,18
20130116,엄유리,12345,0,18
20130117,송슬연,12345,0,18
20130118,한진소,12345,0,18
20130119,강근주,12345,0,18
20130120,배한채,12345,0,18
20130121,홍동경,12345,0,18
20130122,배슬령,12345,0,18
20130123,도해림,12345,0,18
20130124,원근지,12345,0,18
20130125,곽슬미,12345,0,18
20130126,김지옥,12345,0,18
20130127,권교운,12345,0,18
20130128,손동완,12345,0,18
20130129,진영당,12345,0,18
20130130,임영름,12345,0,18
20130131,전소아,12345,0,18
20130132,오준호,12345,0,18
20130133,편세채,12345,0,18
20130134,고여소,12345,0,18
20130135,원초호,12345,0,18
20130136,지세완,12345,0,18
20130137,고률채,12345,0,18
20130138,홍연율,12345,0,18
20130139,오태빈,12345,0,18
20130140,송서완,12345,0,18
20130141,민세효,12345,0,18
20130142,홍교지,12345,0,18
20130143,차선연,12345,0,18
20130144,황민영,12345,0,18
20130145,권조혜,12345,0,18
20130146,하슬령,12345,0,18
20130147,전희당,12345,0,18
20130148,탁민윤,12345,0,18
20130149,박비소,12345,0,18
20130150,홍영빈,12345,0,18
21130001,오서비,12345,0,18
21130002,전경재,12345,0,18
21130003,곽규연,12345,0,18
21130004,노슬향,12345,0,18
21130005,허명경,12345,0,18
21130006,표영경,12345,0,18
21130007,류기온,12345,0,18
21130008,지고윤,12345,0,18
21130009,고지세,12345,0,18
21130010,윤채예,12345,0,18
21130011,문희옥,12345,0,18
21130012,남혜윤,12345,0,18
21130013,석연채,12345,0,18
21130014,조솔예,12345,0,18
21130015,조윤영,12345,0,18
21130016,조상소,12345,0,18
21130017,최상온,12345,0,18
21130018,백서민,12345,0,18
21130019,엄유지,12345,0,18
21130020,문고소,12345,0,18
21130021,도미선,12345,0,18
21130022,박혜수,12345,0,18
21130023,탁민준,12345,0,18
21130024,황가나,12345,0,18
21130025,도김유,12345,0,18
21130026,윤준현,12345,0,18
21130027,최순래,12345,0,18
21130028,손양옥,12345,0,18
21130029,문재윤,12345,0,18
21130030,남하화,12345,0,18
21130031,윤재선,12345,0,18
21130032,박지재,12345,0,18
21130033,곽영영,12345,0,18
21130034,진휘비,12345,0,18
21130035,염주재,12345,0,18
21130036,한하빈,12345,0,18
21130037,나병세,12345,0,18
21130038,추슬온,12345,0,18
21130039,하혜정,12345,0,18
21130040,여원향,12345,0,18
21130041,허정지,12345,0,18
21130042,임규아,12345,0,18
21130043,이슬린,12345,0,18
21130044,이해효,12345,0,18
21130045,표비래,12345,0,18
21130046,황상당,12345,0,18
21130047,고주교,12345,0,18
21130048,서고옥,12345,0,18
21130049,권시서,12345,0,18
21130050,탁은아,12345,0,18
21130051,노순세,12345,0,18
21130052,김경름,12345,0,18
21130053,곽우유,12345,0,18
21130054,임진서,12345,0,18
21130055,구초선,12345,0,18
21130056,추조비,12345,0,18
21130057,신채하,12345,0,18
21130058,송병비,12345,0,18
21130059,황연세,12345,0,18
21130060,곽주원,12345,0,18
21130061,손예재,12345,0,18
21130062,주유령,12345,0,18
21130063,한희준,12345,0,18
21130064,공이호,12345,0,18
21130065,강윤향,12345,0,18
21130066,정해유,12345,0,18
21130067,정이원,12345,0,18
21130068,이김현,12345,0,18
21130069,송보란,12345,0,18
21130070,이률호,12345,0,18
21130071,구수아,12345,0,18
21130072,구영욱,12345,0,18
21130073,오희신,12345,0,18
21130074,박세연,12345,0,18
21130075,전슬완,12345,0,18
21130076,송승율,12345,0,18
21130077,은원린,12345,0,18
21130078,황연솔,12345,0,18
21130079,표세화,12345,0,18
21130080,오김은,12345,0,18
21130081,공유란,12345,0,18
21130082,유아린,12345,0,18
21130083,김동온,12345,0,18
21130084,진여수,12345,0,18
21130085,주현정,12345,0,18
21130086,곽효이,12345,0,18
21130087,은연인,12345,0,18
21130088,석진솔,12345,0,18
21130089,신진한,12345,0,18
21130090,차의준,12345,0,18
21130091,전혜기,12345,0,18
21130092,우혜옥,12345,0,18
21130093,구교준,12345,0,18
21130094,노다운,12345,0,18
21130095,류조운,12345,0,18
21130096,나준온,12345,0,18
21130097,원이준,12345,0,18
21130098,고아선,12345,0,18
21130099,진조현,12345,0,18
21130100,석윤미,12345,0,18
21130101,추현옥,12345,0,18
21130102,홍준미,12345,0,18
21130103,안순리,12345,0,18
21130104,강영원,12345,0,18
21130105,지여예,12345,0,18
21130106,김승안,12345,0,18
21130107,김한늘,12345,0,18
21130108,장해원,12345,0,18
21130109,황순희,12345,0,18
21130110,남아영,12345,0,18
21130111,민기림,12345,0,18
21130112,원의우,12345,0,18
21130113,석재당,12345,0,18
21130114,은윤채,12345,0,18
21130115,엄선신,12345,0,18
21130116,손아은,12345,0,18
21130117,최채성,12345,0,18
21130118,변윤나,12345,0,18
21130119,최현예,12345,0,18
21130120,강윤희,12345,0,18
21130121,곽아우,12345,0,18
21130122,노우령,12345,0,18
21130123,원미령,12345,0,18
21130124,고기완,12345,0,18
21130125,차미기,12345,0,18
21130126,지조온,12345,0,18
21130127,백서우,12345,0,18
21130128,추김한,12345,0,18
21130129,김정승,12345,0,18
21130130,엄예선,12345,0,18
21130131,주진옥,12345,0,18
21130132,문연율,12345,0,18
21130133,최근유,12345,0,18
21130134,서서교,12345,0,18
21130135,도순민,12345,0,18
21130136,손경비,12345,0,18
21130137,권윤빈,12345,0,18
21130138,문정솔,12345,0,18
21130139,진근서,12345,0,18
21130140,진순송,12345,0,18
21130141,진선리,12345,0,18
21130142,유희당,12345,0,18
21130143,이서연,12345,0,18
21130144,최송나,12345,0,18
21130145,우영임,12345,0,18
21130146,남휘세,12345,0,18
21130147,주성운,12345,0,18
21130148,나주지,12345,0,18
21130149,류가아,12345,0,18
21130150,곽병주,12345,0,18
22130001,손이린,12345,0,18
22130002,방승욱,12345,0,18
22130003,은시현,12345,0,18
22130004,백초현,12345,0,18
22130005,하보세,12345,0,18
22130006,양의경,12345,0,18
22130007,전효승,12345,0,18
22130008,차이효,12345,0,18
22130009,지동송,12345,0,18
22130010,황근안,12345,0,18
22130011,남서혜,12345,0,18
22130012,안현혜,12345,0,18
22130013,정여언,12345,0,18
22130014,황기율,12345,0,18
22130015,서여늘,12345,0,18
22130016,이수미,12345,0,18
22130017,류민래,12345,0,18
22130018,한수은,12345,0,18
22130019,류의교,12345,0,18
22130020,송성영,12345,0,18
22130021,정시하,12345,0,18
22130022,김우름,12345,0,18
22130023,송예우,12345,0,18
22130024,차송란,12345,0,18
22130025,신비소,12345,0,18
22130026,노다안,12345,0,18
22130027,추준효,12345,0,18
22130028,장성현,12345,0,18
22130029,민률래,12345,0,18
22130030,주서율,12345,0,18
22130031,안다언,12345,0,18
22130032,방미수,12345,0,18
22130033,주명원,12345,0,18
22130034,도주언,12345,0,18
22130035,도효서,12345,0,18
22130036,진연림,12345,0,18
22130037,백서윤,12345,0,18
22130038,남시승,12345,0,18
22130039,문솔비,12345,0,18
22130040,차성림,12345,0,18
22130041,남여서,12345,0,18
22130042,한수선,12345,0,18
22130043,문한옥,12345,0,18
22130044,지근혜,12345,0,18
22130045,황보인,12345,0,18
22130046,한슬지,12345,0,18
22130047,원현경,12345,0,18
22130048,석시리,12345,0,18
22130049,권송현,12345,0,18
22130050,양교현,12345,0,18
22130051,엄고휘,12345,0,18
22130052,원성휘,12345,0,18
22130053,신우은,12345,0,18
22130054,편수솔,12345,0,18
22130055,방연당,12345,0,18
22130056,오송소,12345,0,18
22130057,하미효,12345,0,18
22130058,백조송,12345,0,18
22130059,곽희기,12345,0,18
22130060,도도리,12345,0,18
22130061,여소승,12345,0,18
22130062,여유선,12345,0,18
22130063,표교언,12345,0,18
22130064,하정욱,12345,0,18
22130065,추솔세,12345,0,18
22130066,서도채,12345,0,18
22130067,김은하,12345,0,18
22130068,강희현,12345,0,18
22130069,배해서,12345,0,18
22130070,지근유,12345,0,18
22130071,공시옥,12345,0,18
22130072,황기재,12345,0,18
22130073,배양선,12345,0,18
22130074,노희당,12345,0,18
22130075,우승욱,12345,0,18
22130076,고지완,12345,0,18
22130077,최연교,12345,0,18
22130078,나다재,12345,0,18
22130079,정여인,12345,0,18
22130080,손시림,12345,0,18
22130081,지은예,12345,0,18
22130082,오초한,12345,0,18
22130083,여윤주,12345,0,18
22130084,정가은,12345,0,18
22130085,여슬세,12345,0,18
22130086,하슬재,12345,0,18
22130087,송률세,12345,0,18
22130088,정하린,12345,0,18
22130089,이은온,12345,0,18
22130090,여솔재,12345,0,18
22130091,안해소,12345,0,18
22130092,정송현,12345,0,18
22130093,서채민,12345,0,18
22130094,우병희,12345,0,18
22130095,노기혜,12345,0,18
22130096,박이교,12345,0,18
22130097,홍한예,12345,0,18
22130098,백조아,12345,0,18
22130099,권김송,12345,0,18
22130100,송성령,12345,0,18
22130101,탁도래,12345,0,18
22130102,오해희,12345,0,18
22130103,유서혜,12345,0,18
22130104,석민하,12345,0,18
22130105,구아현,12345,0,18
22130106,엄서성,12345,0,18
22130107,탁다선,12345,0,18
22130108,권한린,12345,0,18
22130109,여근하,12345,0,18
22130110,원혜완,12345,0,18
22130111,구진윤,12345,0,18
22130112,안나우,12345,0,18
22130113,송근안,12345,0,18
22130114,황서연,12345,0,18
22130115,고원나,12345,0,18
22130116,남서령,12345,0,18
22130117,원태나,12345,0,18
22130118,한경비,12345,0,18
22130119,김효신,12345,0,18
22130120,전김향,12345,0,18
22130121,윤나미,12345,0,18
22130122,은연민,12345,0,18
22130123,한효한,12345,0,18
22130124,손이희,12345,0,18
22130125,우채인,12345,0,18
22130126,추채신,12345,0,18
22130127,엄선연,12345,0,18
22130128,최태온,12345,0,18
22130129,석연화,12345,0,18
22130130,민이희,12345,0,18
22130131,김수우,12345,0,18
22130132,안솔온,12345,0,18
22130133,황윤림,12345,0,18
22130134,정기신,12345,0,18
22130135,공은련,12345,0,18
22130136,주경희,12345,0,18
22130137,은한아,12345,0,18
22130138,석다준,12345,0,18
22130139,엄병린,12345,0,18
22130140,지조영,12345,0,18
22130141,장현온,12345,0,18
22130142,황다언,12345,0,18
22130143,문혜효,12345,0,18
22130144,권의당,12345,0,18
22130145,구양화,12345,0,18
22130146,황휘지,12345,0,18
22130147,권명미,12345,0,18
22130148,차양이,12345,0,18
22130149,유채소,12345,0,18
22130150,서교당,12345,0,18
23130001,이의나,12345,0,18
23130002,탁미하,12345,0,18
23130003,염효비,12345,0,18
23130004,여서기,12345,0,18
23130005,진송한,12345,0,18
23130006,편혜안,12345,0,18
23130007,한경래,12345,0,18
23130008,허수늘,12345,0,18
23130009,탁연화,12345,0,18
23130010,변규당,12345,0,18
23130011,유가현,12345,0,18
23130012,신명림,12345,0,18
23130013,노기안,12345,0,18
23130014,표채늘,12345,0,18
23130015,박준온,12345,0,18
23130016,한의늘,12345,0,18
23130017,원양윤,12345,0,18
23130018,전성효,12345,0,18
23130019,방나비,12345,0,18
23130020,신연서,12345,0,18
23130021,원선나,12345,0,18
23130022,이영신,12345,0,18
23130023,정성향,12345,0,18
23130024,여솔휘,12345,0,18
23130025,고상린,12345,0,18
23130026,장나송,12345,0,18
23130027,전해빈,12345,0,18
23130028,박재경,12345,0,18
23130029,주상온,12345,0,18
23130030,이순채,12345,0,18
23130031,류지승,12345,0,18
23130032,차의정,12345,0,18
23130033,서연욱,12345,0,18
23130034,오률호,12345,0,18
23130035,곽연경,12345,0,18
23130036,조휘름,12345,0,18
23130037,추김유,12345,0,18
23130038,신예윤,12345,0,18
23130039,여고온,12345,0,18
23130040,변송지,12345,0,18
23130041,강영림,12345,0,18
23130042,추여원,12345,0,18
23130043,탁가세,12345,0,18
23130044,이유이,12345,0,18
23130045,송한유,12345,0,18
23130046,진시령,12345,0,18
23130047,엄소재,12345,0,18
23130048,정채선,12345,0,18
23130049,최세영,12345,0,18
23130050,안나연,12345,0,18
23130051,은연유,12345,0,18
23130052,공태영,12345,0,18
23130053,이병욱,12345,0,18
23130054,공세름,12345,0,18
23130055,공한호,12345,0,18
23130056,백솔효,12345,0,18
23130057,석다화,12345,0,18
23130058,배주송,12345,0,18
23130059,장하완,12345,0,18
23130060,권진유,12345,0,18
23130061,신한안,12345,0,18
23130062,고휘미,12345,0,18
23130063,남채나,12345,0,18
23130064,공병름,12345,0,18
23130065,강순욱,12345,0,18
23130066,방순호,12345,0,18
23130067,문휘온,12345,0,18
23130068,방김리,12345,0,18
23130069,공나연,12345,0,18
23130070,홍하현,12345,0,18
23130071,방진지,12345,0,18
23130072,노병하,12345,0,18
23130073,도민선,12345,0,18
23130074,박선선,12345,0,18
23130075,추희옥,12345,0,18
23130076,권민성,12345,0,18
23130077,양보희,12345,0,18
23130078,고연예,12345,0,18
23130079,방효름,12345,0,18
23130080,최이림,12345,0,18
23130081,편휘기,12345,0,18
23130082,백효한,12345,0,18
23130083,차병정,12345,0,18
23130084,석수신,12345,0,18
23130085,은기희,12345,0,18
23130086,강송예,12345,0,18
23130087,조성수,12345,0,18
23130088,노민아,12345,0,18
23130089,양세리,12345,0,18
23130090,손영기,12345,0,18
23130091,서해원,12345,0,18
23130092,전상효,12345,0,18
23130093,남태늘,12345,0,18
23130094,황정지,12345,0,18
23130095,전준언,12345,0,18
23130096,나경빈,12345,0,18
23130097,유가완,12345,0,18
23130098,우예임,12345,0,18
23130099,도영임,12345,0,18
23130100,민승교,12345,0,18
23130101,안명하,12345,0,18
23130102,노현진,12345,0,18
23130103,전휘서,12345,0,18
23130104,김송효,12345,0,18
23130105,민아호,12345,0,18
23130106,하휘미,12345,0,18
23130107,고조서,12345,0,18
23130108,신여란,12345,0,18
23130109,추한선,12345,0,18
23130110,조수지,12345,0,18
23130111,이비준,12345,0,18
23130112,여슬영,12345,0,18
23130113,은재욱,12345,0,18
23130114,편김온,12345,0,18
23130115,권세교,12345,0,18
23130116,방하늘,12345,0,18
23130117,강초예,12345,0,18
23130118,박채임,12345,0,18
23130119,허미세,12345,0,18
23130120,염률한,12345,0,18
23130121,오세경,12345,0,18
23130122,신한비,12345,0,18
23130123,양우리,12345,0,18
23130124,남예화,12345,0,18
23130125,권나예,12345,0,18
23130126,송초린,12345,0,18
23130127,곽혜임,12345,0,18
23130128,추시운,12345,0,18
23130129,정교화,12345,0,18
23130130,나영교,12345,0,18
23130131,김나우,12345,0,18
23130132,조소솔,12345,0,18
23130133,홍미늘,12345,0,18
23130134,도교호,12345,0,18
23130135,차효인,12345,0,18
23130136,원슬교,12345,0,18
23130137,안연림,12345,0,18
23130138,서순련,12345,0,18
23130139,우여성,12345,0,18
23130140,송조소,12345,0,18
23130141,류원림,12345,0,18
23130142,장률빈,12345,0,18
23130143,한예휘,12345,0,18
23130144,권진예,12345,0,18
23130145,문현욱,12345,0,18
23130146,탁규온,12345,0,18
23130147,권시운,12345,0,18
23130148,지슬지,12345,0,18
23130149,탁규미,12345,0,18
23130150,차선승,12345,0,18
24130001,권영하,12345,0,18
24130002,양가진,12345,0,18
24130003,송민아,12345,0,18
24130004,도진욱,12345,0,18
24130005,황다하,12345,0,18
24130006,남솔소,12345,0,18
24130007,남교휘,12345,0,18
24130008,최가운,12345,0,18
24130009,서동영,12345,0,18
24130010,허정교,12345,0,18
24130011,조세채,12345,0,18
24130012,박고유,12345,0,18
24130013,민김원,12345,0,18
24130014,편동신,12345,0,18
24130015,황송지,12345,0,18
24130016,배송혜,12345,0,18
24130017,한명서,12345,0,18
24130018,황원당,12345,0,18
24130019,손준휘,12345,0,18
24130020,최가수,12345,0,18
24130021,표준화,12345,0,18
24130022,최희승,12345,0,18
24130023,전슬선,12345,0,18
24130024,여보수,12345,0,18
24130025,한의성,12345,0,18
24130026,민교당,12345,0,18
24130027,지다호,12345,0,18
24130028,이도윤,12345,0,18
24130029,변상안,12345,0,18
24130030,탁재원,12345,0,18
24130031,석영래,12345,0,18
24130032,은지옥,12345,0,18
24130033,은혜재,12345,0,18
24130034,지영호,12345,0,18
24130035,배우향,12345,0,18
24130036,유고세,12345,0,18
24130037,한솔솔,12345,0,18
24130038,백교예,12345,0,18
24130039,권동윤,12345,0,18
24130040,안도란,12345,0,18
24130041,이진성,12345,0,18
24130042,손현유,12345,0,18
24130043,남선리,12345,0,18
24130044,방준송,12345,0,18
24130045,류재우,12345,0,18
24130046,신비언,12345,0,18
24130047,한재희,12345,0,18
24130048,강상향,12345,0,18
24130049,유초향,12345,0,18
24130050,김민주,12345,0,18
24130051,장서아,12345,0,18
24130052,민조준,12345,0,18
24130053,홍이름,12345,0,18
24130054,원송은,12345,0,18
24130055,박주화,12345,0,18
24130056,표한당,12345,0,18
24130057,권보영,12345,0,18
24130058,차시하,12345,0,18
24130059,황선완,12345,0,18
24130060,류윤신,12345,0,18
24130061,권송이,12345,0,18
24130062,황아송,12345,0,18
24130063,구영하,12345,0,18
24130064,하선솔,12345,0,18
24130065,신정경,12345,0,18
24130066,김여빈,12345,0,18
24130067,곽유원,12345,0,18
24130068,주희란,12345,0,18
24130069,엄미진,12345,0,18
24130070,임선안,12345,0,18
24130071,백슬민,12345,0,18
24130072,황송진,12345,0,18
24130073,노의정,12345,0,18
24130074,남도혜,12345,0,18
24130075,서해우,12345,0,18
24130076,황솔언,12345,0,18
24130077,윤근기,12345,0,18
24130078,공여임,12345,0,18
24130079,공경승,12345,0,18
24130080,노현유,12345,0,18
24130081,임가서,12345,0,18
24130082,전우민,12345,0,18
24130083,남근하,12345,0,18
24130084,지조리,12345,0,18
24130085,도현래,12345,0,18
24130086,방이향,12345,0,18
24130087,박보아,12345,0,18
24130088,윤순진,12345,0,18
24130089,장경원,12345,0,18
24130090,류태윤,12345,0,18
24130091,전다당,12345,0,18
24130092,양태운,12345,0,18
24130093,석우주,12345,0,18
24130094,최예유,12345,0,18
24130095,박기성,12345,0,18
24130096,권다교,12345,0,18
24130097,구서효,12345,0,18
24130098,주가유,12345,0,18
24130099,허고준,12345,0,18
24130100,엄승원,12345,0,18
24130101,은송수,12345,0,18
24130102,송선임,12345,0,18
24130103,허송윤,12345,0,18
24130104,안민서,12345,0,18
24130105,오미경,12345,0,18
24130106,엄아언,12345,0,18
24130107,홍현채,12345,0,18
24130108,윤준송,12345,0,18
24130109,유지혜,12345,0,18
24130110,서교미,12345,0,18
24130111,나현완,12345,0,18
24130112,조연호,12345,0,18
24130113,탁해진,12345,0,18
24130114,노미언,12345,0,18
24130115,임원옥,12345,0,18
24130116,나지민,12345,0,18
24130117,엄슬안,12345,0,18
24130118,배기승,12345,0,18
24130119,나성욱,12345,0,18
24130120,원승운,12345,0,18
24130121,권슬나,12345,0,18
24130122,전정련,12345,0,18
24130123,최다미,12345,0,18
24130124,남서휘,12345,0,18
24130125,권보우,12345,0,18
24130126,서효소,12345,0,18
24130127,민여기,12345,0,18
24130128,김현나,12345,0,18
24130129,탁재성,12345,0,18
24130130,문채재,12345,0,18
24130131,민이하,12345,0,18
24130132,김송주,12345,0,18
24130133,박시신,12345,0,18
24130134,한정은,12345,0,18
24130135,편우림,12345,0,18
24130136,조비솔,12345,0,18
24130137,곽소한,12345,0,18
24130138,편소린,12345,0,18
24130139,전동늘,12345,0,18
24130140,차송린,12345,0,18
24130141,이승진,12345,0,18
24130142,차소채,12345,0,18
24130143,양재정,12345,0,18
24130144,엄초송,12345,0,18
24130145,원경임,12345,0,18
24130146,원규호,12345,0,18
24130147,한성영,12345,0,18
24130148,윤병향,12345,0,18
24130149,남시향,12345,0,18
24130150,송태령,12345,0,18
20140001,석동희,12345,0,21
20140002,신영완,12345,0,21
20140003,탁유향,12345,0,21
20140004,최성주,12345,0,21
20140005,홍우예,12345,0,21
20140006,나수아,12345,0,21
20140007,배지소,12345,0,21
20140008,탁휘솔,12345,0,21
20140009,곽세유,12345,0,21
20140010,곽예율,12345,0,21
20140011,편효운,12345,0,21
20140012,양미빈,12345,0,21
20140013,민영재,12345,0,21
20140014,배조율,12345,0,21
20140015,김이휘,12345,0,21
20140016,은주선,12345,0,21
20140017,유아기,12345,0,21
20140018,도동령,12345,0,21
20140019,윤여기,12345,0,21
20140020,표교란,12345,0,21
20140021,표다림,12345,0,21
20140022,한나민,12345,0,21
20140023,민은호,12345,0,21
20140024,전태빈,12345,0,21
20140025,하양유,12345,0,21
20140026,안우은,12345,0,21
20140027,편태연,12345,0,21
20140028,진소윤,12345,0,21
20140029,안서옥,12345,0,21
20140030,오유주,12345,0,21
20140031,방여미,12345,0,21
20140032,우효진,12345,0,21
20140033,고도화,12345,0,21
20140034,여선현,12345,0,21
20140035,권지윤,12345,0,21
20140036,서휘세,12345,0,21
20140037,전한소,12345,0,21
20140038,배선서,12345,0,21
20140039,표민송,12345,0,21
20140040,임수휘,12345,0,21
20140041,김세성,12345,0,21
20140042,구이민,12345,0,21
20140043,진윤이,12345,0,21
20140044,염세안,12345,0,21
20140045,석기휘,12345,0,21
20140046,김해예,12345,0,21
20140047,탁영빈,12345,0,21
20140048,변지욱,12345,0,21
20140049,나연아,12345,0,21
20140050,김명한,12345,0,21
20140051,방가혜,12345,0,21
20140052,변명화,12345,0,21
20140053,박고영,12345,0,21
20140054,도순송,12345,0,21
20140055,은솔승,12345,0,21
20140056,추채한,12345,0,21
20140057,탁기미,12345,0,21
20140058,우다미,12345,0,21
20140059,차동하,12345,0,21
20140060,오하래,12345,0,21
20140061,안명연,12345,0,21
20140062,공시유,12345,0,21
20140063,손초이,12345,0,21
20140064,최하효,12345,0,21
20140065,양규린,12345,0,21
20140066,주윤지,12345,0,21
20140067,안미기,12345,0,21
20140068,유근재,12345,0,21
20140069,차해아,12345,0,21
20140070,안비선,12345,0,21
20140071,지수소,12345,0,21
20140072,도기한,12345,0,21
20140073,곽조온,12345,0,21
20140074,김연주,12345,0,21
20140075,고병한,12345,0,21
20140076,홍세하,12345,0,21
20140077,여예영,12345,0,21
20140078,서슬이,12345,0,21
20140079,여지한,12345,0,21
20140080,황초언,12345,0,21
20140081,남영욱,12345,0,21
20140082,조유름,12345,0,21
20140083,곽병신,12345,0,21
20140084,고규완,12345,0,21
20140085,곽시은,12345,0,21
20140086,진기미,12345,0,21
20140087,배휘준,12345,0,21
20140088,윤도효,12345,0,21
20140089,진효림,12345,0,21
20140090,서진현,12345,0,21
20140091,석아선,12345,0,21
20140092,추예당,12345,0,21
20140093,우경언,12345,0,21
20140094,석률소,12345,0,21
20140095,변비주,12345,0,21
20140096,도도송,12345,0,21
20140097,윤진혜,12345,0,21
20140098,장준란,12345,0,21
20140099,나여재,12345,0,21
20140100,노시임,12345,0,21
21140001,장한아,12345,0,21
21140002,안고재,12345,0,21
21140003,신혜리,12345,0,21
21140004,편승율,12345,0,21
21140005,문초재,12345,0,21
21140006,오미나,12345,0,21
21140007,송현원,12345,0,21
21140008,하우성,12345,0,21
21140009,민우민,12345,0,21
21140010,석규연,12345,0,21
21140011,윤상안,12345,0,21
21140012,남여임,12345,0,21
21140013,지소세,12345,0,21
21140014,변유완,12345,0,21
21140015,남하림,12345,0,21
21140016,류혜령,12345,0,21
21140017,홍교수,12345,0,21
21140018,표서온,12345,0,21
21140019,전근임,12345,0,21
21140020,원윤름,12345,0,21
21140021,조휘이,12345,0,21
21140022,이휘연,12345,0,21
21140023,나양주,12345,0,21
21140024,최승영,12345,0,21
21140025,구병리,12345,0,21
21140026,유명우,12345,0,21
21140027,양휘운,12345,0,21
21140028,장효현,12345,0,21
21140029,표효빈,12345,0,21
21140030,고시비,12345,0,21
21140031,구선경,12345,0,21
21140032,전다서,12345,0,21
21140033,염규교,12345,0,21
21140034,남시화,12345,0,21
21140035,이기혜,12345,0,21
21140036,한희향,12345,0,21
21140037,홍김당,12345,0,21
21140038,엄나완,12345,0,21
21140039,민미정,12345,0,21
21140040,양이련,12345,0,21
21140041,문동옥,12345,0,21
21140042,곽한나,12345,0,21
21140043,엄여휘,12345,0,21
21140044,원유완,12345,0,21
21140045,방아언,12345,0,21
21140046,공선유,12345,0,21
21140047,지성한,12345,0,21
21140048,여교은,12345,0,21
21140049,편나정,12345,0,21
21140050,표예영,12345,0,21
21140051,도양영,12345,0,21
21140052,방성림,12345,0,21
21140053,안하하,12345,0,21
21140054,곽서기,12345,0,21
21140055,백의성,12345,0,21
21140056,우순진,12345,0,21
21140057,서다임,12345,0,21
21140058,방교진,12345,0,21
21140059,윤다연,12345,0,21
21140060,허가란,12345,0,21
21140061,염휘선,12345,0,21
21140062,변진래,12345,0,21
21140063,조경림,12345,0,21
21140064,방근민,12345,0,21
21140065,황슬완,12345,0,21
21140066,문서이,12345,0,21
21140067,원미유,12345,0,21
21140068,유현서,12345,0,21
21140069,강다욱,12345,0,21
21140070,원보진,12345,0,21
21140071,추여진,12345,0,21
21140072,배보현,12345,0,21
21140073,여교승,12345,0,21
21140074,배재은,12345,0,21
21140075,손규유,12345,0,21
21140076,임원당,12345,0,21
21140077,구솔교,12345,0,21
21140078,여효현,12345,0,21
21140079,도김호,12345,0,21
21140080,변정우,12345,0,21
21140081,류교림,12345,0,21
21140082,문우완,12345,0,21
21140083,표선우,12345,0,21
21140084,정혜효,12345,0,21
21140085,최연한,12345,0,21
21140086,윤경은,12345,0,21
21140087,공소란,12345,0,21
21140088,진승련,12345,0,21
21140089,고선완,12345,0,21
21140090,탁은승,12345,0,21
21140091,고여은,12345,0,21
21140092,문송채,12345,0,21
21140093,염원유,12345,0,21
21140094,변소송,12345,0,21
21140095,남희리,12345,0,21
21140096,지예호,12345,0,21
21140097,송연세,12345,0,21
21140098,하현은,12345,0,21
21140099,이해리,12345,0,21
21140100,편상미,12345,0,21
22140001,권의지,12345,0,21
22140002,문도재,12345,0,21
22140003,유교림,12345,0,21
22140004,권예교,12345,0,21
22140005,서현승,12345,0,21
22140006,고희한,12345,0,21
22140007,송세령,12345,0,21
22140008,장진란,12345,0,21
22140009,도기이,12345,0,21
22140010,차시희,12345,0,21
22140011,주여아,12345,0,21
22140012,염아옥,12345,0,21
22140013,오동우,12345,0,21
22140014,안보화,12345,0,21
22140015,서성련,12345,0,21
22140016,조고예,12345,0,21
22140017,은기이,12345,0,21
22140018,민순예,12345,0,21
22140019,조예림,12345,0,21
22140020,박현호,12345,0,21
22140021,안조승,12345,0,21
22140022,권교예,12345,0,21
22140023,도송준,12345,0,21
22140024,윤도리,12345,0,21
22140025,서승련,12345,0,21
22140026,정미영,12345,0,21
22140027,임휘휘,12345,0,21
22140028,오한름,12345,0,21
22140029,염원성,12345,0,21
22140030,허효성,12345,0,21
22140031,김원서,12345,0,21
22140032,안민원,12345,0,21
22140033,오의향,12345,0,21
22140034,염초나,12345,0,21
22140035,진아우,12345,0,21
22140036,여세화,12345,0,21
22140037,손예이,12345,0,21
22140038,김여향,12345,0,21
22140039,문유연,12345,0,21
22140040,탁비란,12345,0,21
22140041,정근당,12345,0,21
22140042,김예련,12345,0,21
22140043,권휘은,12345,0,21
22140044,황효아,12345,0,21
22140045,허민름,12345,0,21
22140046,장순인,12345,0,21
22140047,염유리,12345,0,21
22140048,진양효,12345,0,21
22140049,변다호,12345,0,21
22140050,백한희,12345,0,21
22140051,류하비,12345,0,21
22140052,탁현경,12345,0,21
22140053,문태주,12345,0,21
22140054,민이원,12345,0,21
22140055,송소주,12345,0,21
22140056,추승우,12345,0,21
22140057,오세란,12345,0,21
22140058,배영인,12345,0,21
22140059,변승현,12345,0,21
22140060,편비준,12345,0,21
22140061,신아리,12345,0,21
22140062,곽현주,12345,0,21
22140063,주승늘,12345,0,21
22140064,임병은,12345,0,21
22140065,여비율,12345,0,21
22140066,공성성,12345,0,21
22140067,은해름,12345,0,21
22140068,최태지,12345,0,21
22140069,민영연,12345,0,21
22140070,황휘온,12345,0,21
22140071,지명림,12345,0,21
22140072,전비휘,12345,0,21
22140073,차미영,12345,0,21
22140074,진해원,12345,0,21
22140075,홍가승,12345,0,21
22140076,백경림,12345,0,21
22140077,민은율,12345,0,21
22140078,강의원,12345,0,21
22140079,구진승,12345,0,21
22140080,오다선,12345,0,21
22140081,변슬호,12345,0,21
22140082,나지옥,12345,0,21
22140083,차비채,12345,0,21
22140084,우예온,12345,0,21
22140085,서은림,12345,0,21
22140086,오유우,12345,0,21
22140087,석병연,12345,0,21
22140088,지민경,12345,0,21
22140089,허김이,12345,0,21
22140090,신조빈,12345,0,21
22140091,차나래,12345,0,21
22140092,한효선,12345,0,21
22140093,은정교,12345,0,21
22140094,여지림,12345,0,21
22140095,염병련,12345,0,21
22140096,강휘임,12345,0,21
22140097,한규솔,12345,0,21
22140098,손하민,12345,0,21
22140099,나기리,12345,0,21
22140100,우명령,12345,0,21
23140001,한해림,12345,0,21
23140002,이아신,12345,0,21
23140003,방솔이,12345,0,21
23140004,고민한,12345,0,21
23140005,남진이,12345,0,21
23140006,서하주,12345,0,21
23140007,나의선,12345,0,21
23140008,방기효,12345,0,21
23140009,추고아,12345,0,21
23140010,장상윤,12345,0,21
23140011,탁가혜,12345,0,21
23140012,방여은,12345,0,21
23140013,엄우호,12345,0,21
23140014,여승준,12345,0,21
23140015,염유당,12345,0,21
23140016,차기연,12345,0,21
23140017,표준지,12345,0,21
23140018,배성송,12345,0,21
23140019,안지름,12345,0,21
23140020,원도욱,12345,0,21
23140021,차기진,12345,0,21
23140022,추김현,12345,0,21
23140023,손휘린,12345,0,21
23140024,고동늘,12345,0,21
23140025,강경민,12345,0,21
23140026,공나래,12345,0,21
23140027,정이솔,12345,0,21
23140028,허태수,12345,0,21
23140029,이근안,12345,0,21
23140030,조영림,12345,0,21
23140031,하아진,12345,0,21
23140032,신솔수,12345,0,21
23140033,공예효,12345,0,21
23140034,한성소,12345,0,21
23140035,한기교,12345,0,21
23140036,윤솔선,12345,0,21
23140037,추수한,12345,0,21
23140038,허연늘,12345,0,21
23140039,남성준,12345,0,21
23140040,방현린,12345,0,21
23140041,한효란,12345,0,21
23140042,표한솔,12345,0,21
23140043,탁우신,12345,0,21
23140044,배휘연,12345,0,21
23140045,허아당,12345,0,21
23140046,박주연,12345,0,21
23140047,주상완,12345,0,21
23140048,도양예,12345,0,21
23140049,최예수,12345,0,21
23140050,황혜욱,12345,0,21
23140051,진솔교,12345,0,21
23140052,우세름,12345,0,21
23140053,은진민,12345,0,21
23140054,신기나,12345,0,21
23140055,진하성,12345,0,21
23140056,문교아,12345,0,21
23140057,권나준,12345,0,21
23140058,송소윤,12345,0,21
23140059,류명연,12345,0,21
23140060,조순령,12345,0,21
23140061,윤가윤,12345,0,21
23140062,변진나,12345,0,21
23140063,이효향,12345,0,21
23140064,염나예,12345,0,21
23140065,구양늘,12345,0,21
23140066,원영련,12345,0,21
23140067,강송하,12345,0,21
23140068,원성송,12345,0,21
23140069,여지승,12345,0,21
23140070,여영나,12345,0,21
23140071,윤의윤,12345,0,21
23140072,엄혜완,12345,0,21
23140073,권민진,12345,0,21
23140074,정순성,12345,0,21
23140075,염병유,12345,0,21
23140076,유희채,12345,0,21
23140077,임이송,12345,0,21
23140078,추솔율,12345,0,21
23140079,은한예,12345,0,21
23140080,안준온,12345,0,21
23140081,문해운,12345,0,21
23140082,권경윤,12345,0,21
23140083,공한늘,12345,0,21
23140084,진진율,12345,0,21
23140085,권병임,12345,0,21
23140086,주지령,12345,0,21
23140087,구도련,12345,0,21
23140088,송서수,12345,0,21
23140089,구세향,12345,0,21
23140090,노진인,12345,0,21
23140091,공원원,12345,0,21
23140092,나하휘,12345,0,21
23140093,황은미,12345,0,21
23140094,양수지,12345,0,21
23140095,탁기린,12345,0,21
23140096,차승채,12345,0,21
23140097,염의호,12345,0,21
23140098,조다예,12345,0,21
23140099,표희림,12345,0,21
23140100,조정송,12345,0,21
24140001,곽민교,12345,0,21
24140002,유우혜,12345,0,21
24140003,최한영,12345,0,21
24140004,우슬호,12345,0,21
24140005,백서원,12345,0,21
24140006,장승당,12345,0,21
24140007,남태우,12345,0,21
24140008,안병민,12345,0,21
24140009,백가현,12345,0,21
24140010,우률빈,12345,0,21
24140011,편한신,12345,0,21
24140012,원현재,12345,0,21
24140013,조해주,12345,0,21
24140014,송기재,12345,0,21
24140015,전근령,12345,0,21
24140016,편혜운,12345,0,21
24140017,구보한,12345,0,21
24140018,류세율,12345,0,21
24140019,강유운,12345,0,21
24140020,지세래,12345,0,21
24140021,탁세경,12345,0,21
24140022,손현솔,12345,0,21
24140023,석수비,12345,0,21
24140024,전채아,12345,0,21
24140025,백지민,12345,0,21
24140026,정성소,12345,0,21
24140027,이서승,12345,0,21
24140028,양시란,12345,0,21
24140029,원성효,12345,0,21
24140030,강세란,12345,0,21
24140031,구솔민,12345,0,21
24140032,임순혜,12345,0,21
24140033,지주한,12345,0,21
24140034,서도당,12345,0,21
24140035,황양향,12345,0,21
24140036,장슬당,12345,0,21
24140037,배동수,12345,0,21
24140038,구영나,12345,0,21
24140039,공률림,12345,0,21
24140040,남서리,12345,0,21
24140041,주도운,12345,0,21
24140042,편수빈,12345,0,21
24140043,송희안,12345,0,21
24140044,이순예,12345,0,21
24140045,권병리,12345,0,21
24140046,우규영,12345,0,21
24140047,배은지,12345,0,21
24140048,백보수,12345,0,21
24140049,편여온,12345,0,21
24140050,염김유,12345,0,21
24140051,박정래,12345,0,21
24140052,여혜리,12345,0,21
24140053,홍승림,12345,0,21
24140054,도우호,12345,0,21
24140055,나이진,12345,0,21
24140056,염휘림,12345,0,21
24140057,남진서,12345,0,21
24140058,차현련,12345,0,21
24140059,배해솔,12345,0,21
24140060,황이솔,12345,0,21
24140061,안주운,12345,0,21
24140062,탁하우,12345,0,21
24140063,은상선,12345,0,21
24140064,곽명율,12345,0,21
24140065,공윤늘,12345,0,21
24140066,진순교,12345,0,21
24140067,유영란,12345,0,21
24140068,손여온,12345,0,21
24140069,방여수,12345,0,21
24140070,방서재,12345,0,21
24140071,차진현,12345,0,21
24140072,오진래,12345,0,21
24140073,은정선,12345,0,21
24140074,송정휘,12345,0,21
24140075,원은운,12345,0,21
24140076,양교연,12345,0,21
24140077,송이솔,12345,0,21
24140078,권보은,12345,0,21
24140079,변예운,12345,0,21
24140080,공규휘,12345,0,21
24140081,장여운,12345,0,21
24140082,백상임,12345,0,21
24140083,한현수,12345,0,21
24140084,공여름,12345,0,21
24140085,권승리,12345,0,21
24140086,홍선림,12345,0,21
24140087,정슬정,12345,0,21
24140088,장재인,12345,0,21
24140089,황명하,12345,0,21
24140090,여태원,12345,0,21
24140091,강효리,12345,0,21
24140092,임원신,12345,0,21
24140093,홍혜호,12345,0,21
24140094,고상한,12345,0,21
24140095,은한영,12345,0,21
24140096,하의영,12345,0,21
24140097,방송완,12345,0,21
24140098,강예성,12345,0,21
24140099,강보련,12345,0,21
24140100,석효림,12345,0,21
